,Table,Sectors,2010-11,2011-12,2012-13,2013-14,2014-15,2015-16,2016-17,2017-18,2016-17 / 2015-16,2017-18 / 2016-17,+- & over 8 years,max_value,min_value,max_value_year,min_value_year
0,table_1p1,Agriculture,1977178,2048794,2103600,2156117,2202043,2205433,2251006,2336771,2.07,3.81,18,2336771,1977178,2017-18,2010-11
1,table_1p1,Crops,806162,832128,844860,867133,868494,822689,830203,862004,0.91,3.83,7,868494,806162,2014-15,2010-11
2,table_1p1,Important crops,485722,523936,524839,562707,553568,521125,532498,551511,2.18,3.57,14,562707,485722,2013-14,2010-11
3,table_1p1,Other crops,264934,245007,258670,243890,250006,251005,244323,252454,-2.66,3.33,-5,264934,243890,2010-11,2013-14
4,table_1p1,Cotton ginning,55506,63185,61351,60536,64920,50559,53382,58039,5.58,8.72,5,64920,50559,2014-15,2015-16
5,table_1p1,Livestock,1087406,1130740,1169712,1198671,1246512,1288373,1326948,1376861,2.99,3.76,27,1376861,1087406,2017-18,2010-11
6,table_1p1,Forestry,42121,42874,45695,46555,40761,46592,45487,48749,-2.37,7.17,16,48749,40761,2017-18,2014-15
7,table_1p1,Fishing,41489,43052,43333,43758,46276,47779,48368,49157,1.23,1.63,18,49157,41489,2017-18,2010-11
8,table_1p1,Industrial sector,1935022,1984316,1999207,2089776,2198027,2323169,2449392,2591336,5.43,5.8,34,2591336,1935022,2017-18,2010-11
9,table_1p1,Mining & quarrying,269798,283727,294727,298856,313707,333121,331849,341934,-0.38,3.04,27,341934,269798,2017-18,2010-11
10,table_1p1,Manufacturing,1227091,1252670,1313365,1387556,1441461,1494591,1581528,1680161,5.82,6.24,37,1680161,1227091,2017-18,2010-11
11,table_1p1,Large scale,1007331,1018706,1064185,1122266,1159052,1193569,1260676,1338010,5.62,6.13,33,1338010,1007331,2017-18,2010-11
12,table_1p1,Small scale,133556,144713,156691,169677,183607,198652,214843,232413,8.15,8.18,74,232413,133556,2017-18,2010-11
13,table_1p1,Slaughtering,86204,89251,92489,95613,98802,102370,106009,109738,3.55,3.52,27,109738,86204,2017-18,2010-11
14,table_1p1,Electricity generation & distribution & gas,221379,224490,165275,164054,186174,203661,215506,219463,5.82,1.84,-1,224490,164054,2011-12,2013-14
15,table_1p1,Construction,216754,223429,225840,239310,256685,291796,320509,349778,9.84,9.13,61,349778,216754,2017-18,2010-11
16,table_1p1,Commodity producing sector (a+b),3912200,4033110,4102807,4245893,4400070,4528602,4700398,4928107,3.79,4.84,26,4928107,3912200,2017-18,2010-11
17,table_1p1,Services sector,5208136,5437145,5716248,5971163,6231579,6588200,7013740,7464526,6.46,6.43,43,7464526,5208136,2017-18,2010-11
18,table_1p1,Wholesale & retail trade,1718014,1746511,1808124,1894410,1943612,2035509,2187360,2351726,7.46,7.51,37,2351726,1718014,2017-18,2010-11
19,table_1p1,"Transport, storage & communication",1198896,1254126,1304697,1355570,1424255,1493830,1560175,1616045,4.44,3.58,35,1616045,1198896,2017-18,2010-11
20,table_1p1,Finance & insurance,274674,279171,302392,315428,335448,356981,395453,419690,10.78,6.13,53,419690,274674,2017-18,2010-11
21,table_1p1,Housing services (ownership of dwellings),614460,639003,664542,691093,718674,747343,777148,808222,3.99,4,32,808222,614460,2017-18,2010-11
22,table_1p1,General government services,569191,632130,703717,723823,758746,832505,882015,982748,5.95,11.42,73,982748,569191,2017-18,2010-11
23,table_1p1,Other private services,832901,886204,932776,990839,1050844,1122032,1211589,1286095,7.98,6.15,54,1286095,832901,2017-18,2010-11
24,table_1p1,Gdp {total of gva at bp (a + b + c)},9120336,9470255,9819055,10217056,10631649,11116802,11714138,12392633,5.37,5.79,36,12392633,9120336,2017-18,2010-11
25,table_1p1,Indirest taxes,504829,533424,519054,556679,616350,724998,795386,779332,9.71,-2.02,54,795386,504829,2016-17,2010-11
26,table_1p1,Subsidies,221063,269772,176255,136844,107861,85976,83545,71254,-2.83,-14.71,-68,269772,71254,2011-12,2017-18
27,table_1p1,Gdp {gva + t - s},9404102,9733907,10161854,10636891,11140138,11755824,12425979,13100711,5.7,5.43,39,13100711,9404102,2017-18,2010-11
28,table_1p1,Net factor income from abroad,372728,386559,403132,474006,548903,675096,669552,692657,-0.82,3.45,86,692657,372728,2017-18,2010-11
29,table_1p1,Gross national income,9776830,10120466,10564986,11110897,11689041,12430920,13095531,13793368,5.35,5.33,41,13793368,9776830,2017-18,2010-11
30,table_1p1,Population (in million),175.31,178.91,182.53,186.19,189.87,193.56,197.26,200.96,1.91,1.88,15,200.96,175.31,2017-18,2010-11
31,table_1p2,Agriculture,21.7,21.6,21.4,21.1,20.71,19.84,19.22,18.86,,,-13,21.7,18.86,2010-11,2017-18
32,table_1p2,Crops,8.8,8.8,8.6,8.5,8.17,7.4,7.09,6.96,,,-21,8.8,6.96,2010-11,2017-18
33,table_1p2,Important crops,5.3,5.5,5.3,5.5,5.21,4.69,4.55,4.45,,,-16,5.5,4.45,2011-12,2017-18
34,table_1p2,Other crops,2.9,2.6,2.6,2.4,2.35,2.26,2.09,2.04,,,-30,2.9,2.04,2010-11,2017-18
35,table_1p2,Cotton ginning,0.6,0.7,0.6,0.6,0.61,0.45,0.46,0.47,,,-22,0.7,0.45,2011-12,2015-16
36,table_1p2,Livestock,11.9,11.9,11.9,11.7,11.72,11.59,11.33,11.11,,,-7,11.9,11.11,2010-11,2017-18
37,table_1p2,Forestry,0.5,0.5,0.5,0.5,0.38,0.42,0.39,0.39,,,-22,0.5,0.38,2010-11,2014-15
38,table_1p2,Fishing,0.5,0.5,0.4,0.4,0.44,0.43,0.41,0.4,,,-20,0.5,0.4,2010-11,2012-13
39,table_1p2,Industrial sector,21.2,21,20.4,20.45,20.67,20.9,20.91,20.91,,,-1,21.2,20.4,2010-11,2012-13
40,table_1p2,Mining & quarrying,3,3,3,2.9,2.95,3,2.83,2.76,,,-8,3,2.76,2010-11,2017-18
41,table_1p2,Manufacturing,13.5,13.2,13.4,13.6,13.56,13.44,13.5,13.56,,,0,13.6,13.2,2013-14,2011-12
42,table_1p2,Large scale,11,10.8,10.8,11,10.9,10.74,10.76,10.8,,,-2,11,10.74,2010-11,2015-16
43,table_1p2,Small scale,1.5,1.5,1.6,1.7,1.73,1.79,1.83,1.88,,,25,25,1.5,2017-18,2010-11
44,table_1p2,Slaughtering,0.9,0.9,0.9,0.9,0.93,0.92,0.9,0.89,,,-1,0.93,0.89,2014-15,2017-18
45,table_1p2,Electricity generation & distribution & gas,2.4,2.4,1.7,1.6,1.75,1.83,1.84,1.77,,,-26,2.4,1.6,2010-11,2013-14
46,table_1p2,Construction,2.4,2.4,2.3,2.3,2.41,2.62,2.74,2.82,,,18,18,2.3,2017-18,2012-13
47,table_1p2,Commodity producing sector (a+b),42.9,42.6,41.8,41.6,41.39,40.74,40.13,39.77,,,-7,42.9,39.77,2010-11,2017-18
48,table_1p2,Services sector,57.1,57.4,58.2,58.44,58.61,59.26,59.87,60.23,,,5,60.23,57.1,2017-18,2010-11
49,table_1p2,Wholesale & retail trade,18.8,18.4,18.4,18.5,18.28,18.31,18.67,18.98,,,1,18.98,18.28,2017-18,2014-15
50,table_1p2,"Transport, storage & communication",13.1,13.2,13.3,13.3,13.4,13.44,13.32,13.04,,,0,13.44,13.04,2015-16,2017-18
51,table_1p2,Finance & insurance,3,2.9,3.1,3.1,3.16,3.21,3.38,3.39,,,13,13,2.9,2017-18,2011-12
52,table_1p2,Housing services (ownership of dwellings),6.7,6.7,6.8,6.8,6.76,6.72,6.63,6.52,,,-3,6.8,6.52,2012-13,2017-18
53,table_1p2,General government services,6.2,6.7,7.2,7.1,7.14,7.49,7.53,7.93,,,28,28,6.2,2017-18,2010-11
54,table_1p2,Other private services,9.1,9.4,9.5,9.7,9.88,10.09,10.34,10.38,,,14,14,9.1,2017-18,2010-11
55,table_1p2,Gdp {total of gva at bp (a + b + c)},100,100,100,100,100,100,100,100,,,0,100,100,2010-11,2010-11
56,table_1p3,Agriculture,1.96,3.62,2.68,2.5,2.13,0.15,2.07,3.81,,,94,94,0.15,2017-18,2015-16
57,table_1p3,Crops,0.99,3.22,1.53,2.64,0.16,-5.27,0.91,3.83,,,287,287,-5.27,2017-18,2015-16
58,table_1p3,Important crops,1.5,7.87,0.17,7.22,-1.62,-5.86,2.18,3.57,,,138,138,-5.86,2011-12,2015-16
59,table_1p3,Other crops,2.27,-7.52,5.58,-5.71,2.51,0.4,-2.66,3.33,,,47,47,-7.52,2012-13,2011-12
60,table_1p3,Cotton ginning,-8.48,13.83,-2.9,-1.33,7.24,-22.12,5.58,8.72,,,-203,13.83,-22.12,2011-12,2015-16
61,table_1p3,Livestock,3.39,3.99,3.45,2.48,3.99,3.36,2.99,3.76,,,11,11,2.48,2011-12,2013-14
62,table_1p3,Forestry,4.76,1.79,6.58,1.88,-12.45,14.31,-2.37,7.17,,,51,51,-12.45,2015-16,2014-15
63,table_1p3,Fishing,-15.2,3.77,0.65,0.98,5.75,3.25,1.23,1.63,,,-111,5.75,-15.2,2014-15,2010-11
64,table_1p3,Industrial sector,4.51,2.55,0.75,4.53,5.18,5.69,5.43,5.8,,,29,29,0.75,2017-18,2012-13
65,table_1p3,Mining & quarrying,-4.42,5.16,3.88,1.4,4.97,6.19,-0.38,3.04,,,-169,6.19,-4.42,2015-16,2010-11
66,table_1p3,Manufacturing,2.5,2.08,4.85,5.65,3.88,3.69,5.82,6.24,,,150,150,2.08,2017-18,2011-12
67,table_1p3,Large scale,1.66,1.13,4.46,5.46,3.28,2.98,5.62,6.13,,,269,269,1.13,2017-18,2011-12
68,table_1p3,Small scale,8.51,8.35,8.28,8.29,8.21,8.19,8.15,8.18,,,-4,8.51,8.15,2010-11,2016-17
69,table_1p3,Slaughtering,3.67,3.53,3.63,3.38,3.34,3.61,3.55,3.52,,,-4,3.67,3.34,2010-11,2014-15
70,table_1p3, electricity generation & distribution & gas Distribution,63.87,1.41,-26.38,-0.74,13.48,9.39,5.82,1.84,,,-97,63.87,-26.38,2010-11,2012-13
71,table_1p3,Construction,-8.56,3.08,1.08,5.96,7.26,13.68,9.84,9.13,,,-207,13.68,-8.56,2015-16,2010-11
72,table_1p3,Commodity producing sector (a+b),3.21,3.09,1.73,3.49,3.63,2.92,3.79,4.84,,,51,51,1.73,2017-18,2012-13
73,table_1p3,Services sector,3.94,4.4,5.13,4.46,4.36,5.72,6.46,6.43,,,63,63,3.94,2016-17,2010-11
74,table_1p3,Wholesale & retail trade,2.11,1.66,3.53,4.77,2.6,4.73,7.46,7.51,,,256,256,1.66,2017-18,2011-12
75,table_1p3,"Transport, storage & communication",2.42,4.61,4.03,3.9,5.07,4.89,4.44,3.58,,,48,48,2.42,2014-15,2010-11
76,table_1p3,Finance & insurance,-4.22,1.64,8.32,4.31,6.35,6.42,10.78,6.13,,,-245,10.78,-4.22,2016-17,2010-11
77,table_1p3,Housing services (ownership of dwellings),4.02,3.99,4,4,3.99,3.99,3.99,4,,,0,4.02,3.99,2010-11,2011-12
78,table_1p3,General government services,14.06,11.06,11.32,2.86,4.82,9.72,5.95,11.42,,,-19,14.06,2.86,2010-11,2013-14
79,table_1p3,Other private services,6.63,6.4,5.26,6.22,6.06,6.77,7.98,6.15,,,-7,7.98,5.26,2016-17,2012-13
80,table_1p3,Gdp {total of gva at bp (a + b + c)},3.62,3.84,3.68,4.05,4.06,4.56,5.37,5.79,,,60,60,3.62,2017-18,2010-11
81,table_1p4,Household final Consumption expenditure,7331681,7700707,7865407,8304881,8545418,9196738,10000073,10626857,8.74,6.27,45,10626857,7331681,2017-18,2010-11
82,table_1p4,General government final Consumption expenditure,941446,1010601,1112404,1129117,1220931,1321395,1390837,1587677,5.26,14.15,69,1587677,941446,2017-18,2010-11
83,table_1p4,Total investment,1418781,1454831,1495238,1536447,1760001,1887998,2068210,2185547,9.55,5.67,54,2185547,1418781,2017-18,2010-11
84,table_1p4,Gross  fixed Capital formation,1268315,1299089,1332648,1366256,1581759,1699905,1869394,1975936,9.97,5.7,56,1975936,1268315,2017-18,2010-11
85,table_1p4,Private sector,971509,964142,1005526,1062261,1190708,1278275,1331883,1346310,4.19,1.08,39,1346310,964142,2017-18,2011-12
86,table_1p4,Public sector,82860,74993,122621,82094,110647,93165,138897,146186,49.09,5.25,76,146186,74993,2017-18,2011-12
87,table_1p4,General govt.,213946,259954,204501,221902,280404,328466,398614,483440,21.36,21.28,126,483440,204501,2017-18,2012-13
88,table_1p4,Change in inventories,150466,155743,162590,170190,178242,188093,198816,209611,5.7,5.43,39,209611,150466,2017-18,2010-11
89,table_1p4,Export of goods and Non-factor services,1287961,1094756,1243433,1225028,1147318,1128923,1120111,1231243,-0.78,9.92,-4,1287961,1094756,2010-11,2011-12
90,table_1p4,Less imports of goods And non-factor services,1575767,1526988,1554628,1558582,1533530,1779230,2153252,2530613,21.02,17.53,61,2530613,1526988,2017-18,2011-12
91,table_1p4,Expenditure on gdp at Market prices,9404102,9733907,10161854,10636891,11140138,11755824,12425979,13100711,5.7,5.43,39,13100711,9404102,2017-18,2010-11
92,table_1p4,Plus net factor income From the rest of the world,372728,386559,403132,474006,548903,675096,669552,692657,-0.82,3.45,86,692657,372728,2017-18,2010-11
93,table_1p4,Expenditure on gnp at market prices,9776830,10120466,10564986,11110897,11689041,12430920,13095531,13793368,5.35,5.33,41,13793368,9776830,2017-18,2010-11
94,table_1p4,Less indirect taxes,504829,533424,519054,556679,616350,724998,795386,779332,9.71,-2.02,54,795386,504829,2016-17,2010-11
95,table_1p4,Plus subsidies,221063,269772,176255,136844,107861,85976,83545,71254,-2.83,-14.71,-68,269772,71254,2011-12,2017-18
96,table_1p4,Gnp at factor cost,9493064,9856814,10222187,10691062,11180552,11791898,12383690,13085290,5.02,5.67,38,13085290,9493064,2017-18,2010-11
97,table_1p5,Agriculture,4592720,4753075,5334976,5976217,6536122,6749966,7313329,7764218,8.3,6.2,69,7764218,4592720,2017-18,2010-11
98,table_1p5,Crops,2309517,1966610,2192553,2612933,2690102,2620390,2821392,2981340,7.7,5.7,29,2981340,1966610,2017-18,2011-12
99,table_1p5,Important crops,1532889,1236453,1411388,1760329,1735888,1718029,1822889,1886995,6.1,3.5,23,1886995,1236453,2017-18,2011-12
100,table_1p5,Other crops,552499,586669,639078,695138,769867,739842,811353,894690,9.7,10.3,62,894690,552499,2017-18,2010-11
101,table_1p5,Cotton ginning,224129,143488,142087,157467,184347,162519,187150,199656,15.2,6.7,-11,224129,142087,2010-11,2012-13
102,table_1p5,Livestock,2131579,2610408,2933384,3129682,3612244,3846646,4180531,4449540,8.7,6.4,109,4449540,2131579,2017-18,2010-11
103,table_1p5,Forestry,89390,113103,136500,153722,142902,170706,172513,191035,1.1,10.7,114,191035,89390,2017-18,2010-11
104,table_1p5,Fishing,62234,62954,72538,79880,90873,112223,138893,142302,23.8,2.5,129,142302,62234,2017-18,2010-11
105,table_1p5,Industrial sector,3746997,4269666,4525694,5040094,5239146,5308368,5734819,6251345,8,9,67,6251345,3746997,2017-18,2010-11
106,table_1p5,Mining & quarrying,494739,642205,696976,741022,707236,652814,645887,710878,-1.1,10.1,44,741022,494739,2013-14,2010-11
107,table_1p5,Manufacturing,2527651,2809684,3037311,3408468,3510536,3512556,3829856,4171476,9,8.9,65,4171476,2527651,2017-18,2010-11
108,table_1p5,Small scale,208611,241951,283107,327030,373595,406648,457099,507953,12.4,11.1,143,507953,208611,2017-18,2010-11
109,table_1p5,Slaughtering,174209,205323,235167,256975,283719,304739,328529,341586,7.8,4,96,341586,174209,2017-18,2010-11
110,table_1p5, electricity generation & distribution & gas Nan Distribution,,,,,,,,,5.9,2.9,,5.9,,,
111,table_1p5,Construction,318451,378140,423367,484412,540859,601089,685115,778590,14,13.6,144,778590,318451,2017-18,2010-11
112,table_1p5,Commodity producing sector (a+b),8339717,9022741,9860670,11016311,11775268,12058334,13048148,14015563,8.2,7.4,68,14015563,8339717,2017-18,2010-11
113,table_1p5,Services sector,9307836,10338770,11642671,13012586,14314423,15343961,16969718,18391393,10.6,8.4,98,18391393,9307836,2017-18,2010-11
114,table_1p5,Wholesale & retail trade,3568178,4006835,4369465,4924462,5045262,5104854,5791575,6326715,13.5,9.2,77,6326715,3568178,2017-18,2010-11
115,table_1p5,"Transport, storage & communication",1923433,1905704,2311796,2474818,3107785,3518864,3699169,3673362,5.1,-0.7,91,3699169,1905704,2016-17,2011-12
116,table_1p5,Finance & insurance,536345,570503,522327,584074,595961,544301,591682,662767,8.7,12,24,662767,522327,2017-18,2012-13
117,table_1p5,Housing services (ownership of dwellings),886370,984148,1092749,1229110,1371443,1506385,1668541,1845729,10.8,10.6,108,1845729,886370,2017-18,2010-11
118,table_1p5,General government services,1009433,1244687,1486115,1660434,1818477,2050560,2263393,2616774,10.4,15.6,159,2616774,1009433,2017-18,2010-11
119,table_1p5,Other private services,1384077,1626893,1860219,2139688,2375495,2618997,2955358,3266046,12.8,10.5,136,3266046,1384077,2017-18,2010-11
120,table_1p5,Gdp {total of gva at bp (a + b + c)},17647553,19361511,21503341,24028897,26089690,27402295,30017866,32406956,9.5,8,84,32406956,17647553,2017-18,2010-11
121,table_1p5,Indirest taxes,1046915,1221540,1275990,1480099,1633881,1901743,2170448,2183687,14.1,0.6,109,2183687,1046915,2017-18,2010-11
122,table_1p5,Subsidies,418028,536551,393674,340191,280549,228405,225704,194152,-1.2,-14,-54,536551,194152,2011-12,2017-18
123,table_1p5,Gdp {gva + t - s},18276440,20046500,22385657,25168805,27443022,29075633,31962610,34396491,9.9,7.6,88,34396491,18276440,2017-18,2010-11
124,table_1p5,Net factor income from abroad,820225,1035707,1161607,1428227,1674811,1782860,1744585,1817255,-2.1,4.2,122,1817255,820225,2017-18,2010-11
125,table_1p5,Gross national product (mp),19096665,21082207,23547264,26597032,29117833,30858493,33707195,36213746,9.2,7.4,90,36213746,19096665,2017-18,2010-11
126,table_1p5,Population (in million),175.31,178.91,182.53,186.19,189.87,193.56,197.26,200.96,1.9,1.9,15,200.96,175.31,2017-18,2010-11
127,table_1p5,Per capita income(rs),108934,117837,129005,142849,153357,159426,170877,180204,7.2,5.5,65,180204,108934,2017-18,2010-11
128,table_1p5,Per capita income(us $),1274.1,1320.4,1333.7,1388.8,1514,1529.4,1632.1,1640.5,6.7,0.5,29,1640.5,1274.1,2017-18,2010-11
129,table_1p5,Gdp deflator index,193.5,204.45,219,235.18,245.4,246.49,256.25,261.5,4,2,35,261.5,193.5,2017-18,2010-11
130,table_1p5,Gdp deflator (growth %),19.52,5.66,7.12,7.39,4.34,0.45,3.96,2.05,,,-89,19.52,0.45,2010-11,2015-16
131,table_1p6,Household final Consumption expenditure,14831293,16527831,18091829,20391214,21890279,23266454,26197467,28243581,12.6,7.81,90,28243581,14831293,2017-18,2010-11
132,table_1p6,General government final Consumption expenditure,1779421,2102628,2463120,2708918,3011195,3287930,3599000,4256168,9.46,18.26,139,4256168,1779421,2017-18,2010-11
133,table_1p6,Total investment,2580748,3022202,3348297,3683523,4310484,4560840,5144179,5649451,12.79,9.82,119,5649451,2580748,2017-18,2010-11
134,table_1p6,Gross  fixed Capital formation,2288325,2701458,2990126,3280822,3871396,4095630,4632777,5099107,13.12,10.07,123,5099107,2288325,2017-18,2010-11
135,table_1p6,Private sector,1697795,1950349,2202307,2483817,2843159,2995889,3205518,3371220,7,5.17,99,3371220,1697795,2017-18,2010-11
136,table_1p6,Public sector,146849,155813,285094,207012,284912,238143,339523,373289,42.57,9.95,154,373289,146849,2017-18,2010-11
137,table_1p6,General govt.,443681,595296,502725,589993,743325,861598,1087737,1354598,26.25,24.53,205,1354598,443681,2017-18,2010-11
138,table_1p6,Change in inventories,292423,320744,358171,402701,439088,465210,511402,550344,9.93,7.61,88,550344,292423,2017-18,2010-11
139,table_1p6,Export of goods and Non-factor services,2552610,2485097,2972178,3081312,2910171,2659178,2632262,2933930,-1.01,11.46,15,3081312,2485097,2013-14,2011-12
140,table_1p6,Less imports of goods And non-factor services,3467632,4091258,4489767,4696162,4679107,4698769,5610298,6686639,19.4,19.19,93,6686639,3467632,2017-18,2010-11
141,table_1p6,Expenditure on gdp at Market prices,18276440,20046500,22385657,25168805,27443022,29075633,31962610,34396491,9.93,7.61,88,34396491,18276440,2017-18,2010-11
142,table_1p6,Plus net factor income From the rest of the world,820225,1035707,1161607,1428227,1674811,1782860,1744585,1817255,-2.15,4.17,122,1817255,820225,2017-18,2010-11
143,table_1p6,Expenditure on gnp at market prices,19096665,21082207,23547264,26597032,29117833,30858493,33707195,36213746,9.23,7.44,90,36213746,19096665,2017-18,2010-11
144,table_1p6,Less indirect taxes,1046915,1221540,1275990,1480099,1633881,1901743,2170448,2183687,14.13,0.61,109,2183687,1046915,2017-18,2010-11
145,table_1p6,Plus subsidies,418028,536551,393674,340191,280549,228405,225704,194152,-1.18,-13.98,-54,536551,194152,2011-12,2017-18
146,table_1p6,Gnp at factor cost,18467778,20397218,22664948,25457124,27764501,29185155,31762451,34224211,8.83,7.75,85,34224211,18467778,2017-18,2010-11
147,table_1p7,Gfcf (a+b+c),2288325,2701458,2990126,3280822,3871396,4095630,4632777,5099107,13.1,10.1,123,5099107,2288325,2017-18,2010-11
148,table_1p7,Private sector,1697795,1950349,2202307,2483817,2843159,2995889,3205518,3371220,7,5.2,99,3371220,1697795,2017-18,2010-11
149,table_1p7,Public sector,146849,155813,285094,207012,284912,238143,339523,373289,42.6,9.9,154,373289,146849,2017-18,2010-11
150,table_1p7,General govt.,443681,595296,502725,589993,743325,861598,1087737,1354598,26.2,24.5,205,1354598,443681,2017-18,2010-11
151,table_1p7,Private & public (a+b),1844644,2106162,2487401,2690829,3128071,3234032,3545040,3744509,9.6,5.6,103,3744509,1844644,2017-18,2010-11
152,table_1p7,Agriculture,537050,624512,698903,725388,820391,850088,929068,1000659,9.3,7.7,86,1000659,537050,2017-18,2010-11
153,table_1p7,Mining & quarrying,42757,51993,44417,70138,74361,105418,114038,77675,8.2,-31.9,82,114038,42757,2016-17,2010-11
154,table_1p7,Manufacturing (a+b),259307,285010,372582,381421,429484,485495,540874,535114,11.4,-1.1,106,540874,259307,2016-17,2010-11
155,table_1p7,Large scale,243309,266844,351715,357556,403087,456222,507679,499091,11.3,-1.7,105,507679,243309,2016-17,2010-11
156,table_1p7,Small scale (including slaughtering),15998,18166,20867,23865,26397,29273,33195,36023,13.4,8.5,125,36023,15998,2017-18,2010-11
157,table_1p7,Lectricity generation & distribution & gas distribution,129720,132760,162755,104926,218447,178264,147714,243001,-17.1,64.5,87,243001,104926,2017-18,2013-14
158,table_1p7,Construction,16626,24453,30220,49042,39700,49009,88679,75320,80.9,-15.1,353,88679,16626,2016-17,2010-11
159,table_1p7,Wholesale & retail trade,51616,57954,64422,73000,74712,77462,86619,95622,11.8,10.4,85,95622,51616,2017-18,2010-11
160,table_1p7,Transport & communication,252884,268177,351980,436682,538926,507856,556165,546958,9.5,-1.7,116,556165,252884,2016-17,2010-11
161,table_1p7,Finance & insurance,28704,36096,47461,40770,49559,57775,70262,64266,21.6,-8.5,124,70262,28704,2016-17,2010-11
162,table_1p7,Housing services (ownership of dwellings),341565,408562,468463,525816,568524,577278,622467,674305,7.8,8.3,97,674305,341565,2017-18,2010-11
163,table_1p7,Other private services,184415,216645,246198,283646,313967,345387,389154,431589,12.7,10.9,134,431589,184415,2017-18,2010-11
164,table_1p7a,Private sector,1697795,1950349,2202307,2483817,2843159,2995889,3205518,3371220,7,5.2,99,3371220,1697795,2017-18,2010-11
165,table_1p7a,Agriculture,536980,624418,698810,725292,820265,849943,928946,1000224,9.3,7.7,86,1000224,536980,2017-18,2010-11
166,table_1p7a,Mining & quarrying,30606,33919,29214,48205,42658,77365,49797,50097,-35.6,0.6,64,77365,29214,2015-16,2012-13
167,table_1p7a,Manufacturing (a+b),256693,282127,366804,375567,427724,483781,512669,517930,6,1,102,517930,256693,2017-18,2010-11
168,table_1p7a,Large scale,240695,263961,345937,351702,401327,454508,479474,481907,5.5,0.5,100,481907,240695,2017-18,2010-11
169,table_1p7a,Small scale (including slaughtering),15998,18166,20867,23865,26397,29273,33195,36023,13.4,8.5,125,36023,15998,2017-18,2010-11
170,table_1p7a,Lectricity generation & distribution & gas distribution,49866,61388,9590,20855,55220,23156,9193,6327,-60.3,-31.2,-87,61388,6327,2011-12,2017-18
171,table_1p7a,Construction,8836,13076,14219,29122,30128,43831,82867,69433,89.1,-16.2,686,82867,8836,2016-17,2010-11
172,table_1p7a,Wholesale & retail trade,51616,57954,64422,73000,74712,77462,86619,95622,11.8,10.4,85,95622,51616,2017-18,2010-11
173,table_1p7a,Transport & communication,211803,223175,267704,366473,465937,466875,470041,472132,0.7,0.4,123,472132,211803,2017-18,2010-11
174,table_1p7a,Finance & insurance,25415,29085,36883,35841,44024,50811,53764,53561,5.8,-0.4,111,53764,25415,2016-17,2010-11
175,table_1p7a,Housing services (ownership of dwellings),341565,408562,468463,525816,568524,577278,622467,674305,7.8,8.3,97,674305,341565,2017-18,2010-11
176,table_1p7a,Other private services,184415,216645,246198,283646,313967,345387,389154,431589,12.7,10.9,134,431589,184415,2017-18,2010-11
177,table_1p7b,Public sector and General govt. (a+b),590530,751109,787819,797005,1028237,1099741,1427260,1727887,29.8,21.1,193,1727887,590530,2017-18,2010-11
178,table_1p7b,Public sector (autonomous & semi auto-bodies),146849,155813,285094,207012,284912,238143,339523,373289,42.6,9.9,154,373289,146849,2017-18,2010-11
179,table_1p7b,Agriculture,70,94,93,96,126,145,122,435,-15.9,256.6,521,521,70,2017-18,2010-11
180,table_1p7b,Mining & quarrying,12151,18074,15203,21933,31703,28053,64241,27578,129,-57.1,127,64241,12151,2016-17,2010-11
181,table_1p7b,Manufacturing,2614,2883,5778,5854,1760,1714,28205,17184,1545.6,-39.1,557,28205,1714,2016-17,2015-16
182,table_1p7b,Lectricity generation & distribution & gas distribution,79854,71372,153165,84071,163227,155108,138521,236674,-10.7,70.9,196,236674,71372,2017-18,2011-12
183,table_1p7b,Construction,7790,11377,16001,19920,9572,5178,5812,5887,12.2,1.3,-24,19920,5178,2013-14,2015-16
184,table_1p7b,Transport & communication,41081,45002,84276,70209,72989,40981,86124,74826,110.2,-13.1,82,86124,40981,2016-17,2015-16
185,table_1p7b,Railways,2136,4265,24478,8767,6196,5825,39407,10692,576.5,-72.9,401,39407,2136,2016-17,2010-11
186,table_1p7b,Post office & ptcl,11336,14146,12600,18137,18232,13644,16376,12201,20,-25.5,8,18232,11336,2014-15,2010-11
187,table_1p7b,Others,27609,26591,47198,43305,48561,21512,30341,51933,41,71.2,88,51933,21512,2017-18,2015-16
188,table_1p7b,Finance & insurance,3289,7011,10578,4929,5535,6964,16498,10705,136.9,-35.1,225,16498,3289,2016-17,2010-11
189,table_1p7b,General govt.,443681,595296,502725,589993,743325,861598,1087737,1354598,26.2,24.5,205,1354598,443681,2017-18,2010-11
190,table_1p7b,Federal,130832,144806,147751,164736,208953,229128,312699,387323,36.5,23.9,196,387323,130832,2017-18,2010-11
191,table_1p7b,Provincial,242542,372721,288464,358791,442650,527461,686665,838524,30.2,22.1,246,838524,242542,2017-18,2010-11
192,table_1p7b,District governments,70307,77769,66510,66466,91722,105009,88373,128751,-15.8,45.7,83,128751,66466,2017-18,2013-14
193,table_1p8,Gfcf (a+b+c),1268315,1299089,1332648,1366256,1581759,1699905,1869394,1975936,10,5.7,56,1975936,1268315,2017-18,2010-11
194,table_1p8,Private sector,971509,964142,1005526,1062261,1190708,1278275,1331883,1346310,4.2,1.1,39,1346310,964142,2017-18,2011-12
195,table_1p8,Public sector,82860,74993,122621,82094,110647,93165,138897,146186,49.1,5.2,76,146186,74993,2017-18,2011-12
196,table_1p8,General govt.,213946,259954,204501,221902,280404,328466,398614,483440,21.4,21.3,126,483440,204501,2017-18,2012-13
197,table_1p8,Private & public (a+b),1054369,1039135,1128147,1144354,1301355,1371440,1470781,1492496,7.2,1.5,42,1492496,1039135,2017-18,2011-12
198,table_1p8,Agriculture,297865,289469,301042,296850,315526,315864,331866,349584,5.1,5.3,17,349584,289469,2017-18,2011-12
199,table_1p8,Mining & quarrying,23831,25235,18656,25880,26868,38002,41777,28360,9.9,-32.1,19,41777,18656,2016-17,2012-13
200,table_1p8,Manufacturing (a+b),125581,125389,152586,144694,163023,185697,198684,191688,7,-3.5,53,198684,125389,2016-17,2011-12
201,table_1p8,Large scale,117325,116526,143072,134480,152057,173925,186045,178120,7,-4.3,52,186045,116526,2016-17,2011-12
202,table_1p8,Small scale (including slaughtering),8255,8863,9514,10215,10966,11773,12639,13569,7.4,7.4,64,13569,8255,2017-18,2010-11
203,table_1p8,Lectricity generation & distribution & gas distribution,72300,64438,68359,38716,78930,64262,54114,88722,-15.8,64,23,88722,38716,2017-18,2013-14
204,table_1p8,Construction,11260,14398,16140,24268,18897,23893,41698,34001,74.5,-18.5,202,41698,11260,2016-17,2010-11
205,table_1p8,Wholesale & retail trade,24890,25308,26206,27456,28184,29531,31743,34126,7.5,7.5,37,34126,24890,2017-18,2010-11
206,table_1p8,Transport & communication,144110,122203,153081,180484,242486,263083,293444,269570,11.5,-8.1,87,293444,122203,2016-17,2011-12
207,table_1p8,Finance & insurance,13841,15762,19307,15334,18695,22025,25748,22936,16.9,-10.9,66,25748,13841,2016-17,2010-11
208,table_1p8,Housing services (ownership of dwellings),231319,240571,250194,260202,270610,281434,292691,304399,4,4,32,304399,231319,2017-18,2010-11
209,table_1p8,Other private services,109374,116362,122576,130470,138136,147647,159016,169109,7.7,6.3,55,169109,109374,2017-18,2010-11
210,table_1p8a,Private sector,971509,964142,1005526,1062261,1190708,1278275,1331883,1346310,4.2,1.1,39,1346310,964142,2017-18,2011-12
211,table_1p8a,Agriculture,297817,289415,300990,296800,315461,315789,331804,349368,5.1,5.3,17,349368,289415,2017-18,2011-12
212,table_1p8a,Mining & quarrying,17058,16463,12270,17787,15413,27889,18243,18291,-34.6,0.3,7,27889,12270,2015-16,2012-13
213,table_1p8a,Manufacturing (a+b),124320,124130,150236,142493,162359,185044,188348,185556,1.8,-1.5,49,188348,124130,2016-17,2011-12
214,table_1p8a,Large scale,116065,115267,140722,132278,151393,173271,175709,171987,1.4,-2.1,48,175709,115267,2016-17,2011-12
215,table_1p8a,Small scale (including slaughtering),8255,8863,9514,10215,10966,11773,12639,13569,7.4,7.4,64,13569,8255,2017-18,2010-11
216,table_1p8a,Lectricity generation & distribution & gas distribution,27793,29796,4028,7695,19952,8348,3368,2310,-59.7,-31.4,-92,29796,2310,2011-12,2017-18
217,table_1p8a,Construction,5984,7699,7594,14411,14341,21368,38965,31344,82.3,-19.6,424,38965,5984,2016-17,2010-11
218,table_1p8a,Wholesale & retail trade,24890,25308,26206,27456,28184,29531,31743,34126,7.5,7.5,37,34126,24890,2017-18,2010-11
219,table_1p8a,Transport & communication,120699,101697,116428,151467,209645,241854,248003,232692,2.5,-6.2,93,248003,101697,2016-17,2011-12
220,table_1p8a,Finance & insurance,12255,12701,15004,13480,16607,19371,19702,19115,1.7,-3,56,19702,12255,2016-17,2010-11
221,table_1p8a,Housing services (ownership of dwellings),231319,240571,250194,260202,270610,281434,292691,304399,4,4,32,304399,231319,2017-18,2010-11
222,table_1p8a,Other private services,109374,116362,122576,130470,138136,147647,159016,169109,7.7,6.3,55,169109,109374,2017-18,2010-11
223,table_1p8b,Public sector and General govt. (a+b),296806,334947,327122,303996,391051,421630,537511,629626,27.5,17.1,112,629626,296806,2017-18,2010-11
224,table_1p8b,Public sector (autonomous & semi auto-bodies),82860,74993,122621,82094,110647,93165,138897,146186,49.1,5.2,76,146186,74993,2017-18,2011-12
225,table_1p8b,Agriculture,48,54,52,50,65,75,62,216,-17.3,248.4,350,350,48,2017-18,2010-11
226,table_1p8b,Mining & quarrying,6772,8772,6386,8093,11455,10113,23534,10069,132.7,-57.2,49,23534,6386,2016-17,2012-13
227,table_1p8b,Manufacturing,1260,1259,2350,2202,664,653,10336,6133,1481.8,-40.7,387,10336,653,2016-17,2015-16
228,table_1p8b,Lectricity generation & distribution & gas distribution,44507,34642,64331,31021,58978,55915,50746,86412,-9.2,70.3,94,86412,31021,2017-18,2013-14
229,table_1p8b,Construction,5276,6699,8546,9857,4556,2524,2733,2657,8.3,-2.8,-50,9857,2524,2013-14,2015-16
230,table_1p8b,Transport & communication,23411,20506,36653,29017,32841,21229,45441,36878,114,-18.8,58,45441,20506,2016-17,2011-12
231,table_1p8b,Railways,1217,1943,10646,3623,2788,3018,20792,5270,589,-74.7,333,20792,1217,2016-17,2010-11
232,table_1p8b,Post office & ptcl,6460,6446,5480,7496,8203,7068,8640,6013,22.2,-30.4,-7,8640,5480,2016-17,2012-13
233,table_1p8b,Others,15733,12117,20527,17898,21850,11144,16009,25595,43.7,59.9,63,25595,11144,2017-18,2015-16
234,table_1p8b,Finance & insurance,1586,3061,4303,1854,2088,2655,6046,3820,127.7,-36.8,141,6046,1586,2016-17,2010-11
235,table_1p8b,General govt.,213946,259954,204501,221902,280404,328466,398614,483440,21.4,21.3,126,483440,204501,2017-18,2012-13
236,table_1p8b,Federal,63088,63234,60103,61959,78823,87350,114592,138231,31.2,20.6,119,138231,60103,2017-18,2012-13
237,table_1p8b,Provincial,116955,162760,117343,134945,166981,201083,251636,299259,25.1,18.9,156,299259,116955,2017-18,2010-11
238,table_1p8b,District governments,33902,33960,27055,24998,34600,40032,32385,45950,-19.1,41.9,36,45950,24998,2017-18,2013-14
